1,ACADEMY DINOSAUR,2006-01-01
2,ACE GOLDFINGER,2006-01-01
3,ADAPTATION HOLES,2006-01-01
4,AFFAIR PREJUDICE,2006-01-01
5,AFRICAN EGG,2006-01-01
6,AGENT TRUMAN,2006-01-01
7,AIRPLANE SIERRA,2006-01-01
8,AIRPORT POLLOCK,2006-01-01
9,ALABAMA DEVIL,2006-01-01
10,ALADDIN CALENDAR,2006-01-01
11,ALAMO VIDEOTAPE,2006-01-01
12,ALASKA PHANTOM,2006-01-01
13,ALI FOREVER,2006-01-01
14,ALICE FANTASIA,2006-01-01
15,ALIEN CENTER,2006-01-01
16,ALLEY EVOLUTION,2006-01-01
17,ALONE TRIP,2006-01-01
18,ALTER VICTORY,2006-01-01
19,AMADEUS HOLY,2006-01-01
20,AMELIE HELLFIGHTERS,2006-01-01
21,AMERICAN CIRCUS,2006-01-01
22,AMISTAD MIDSUMMER,2006-01-01
23,ANACONDA CONFESSIONS,2006-01-01
24,ANALYZE HOOSIERS,2006-01-01
25,ANGELS LIFE,2006-01-01
26,ANNIE IDENTITY,2006-01-01
27,ANONYMOUS HUMAN,2006-01-01
28,ANTHEM LUKE,2006-01-01
29,ANTITRUST TOMATOES,2006-01-01
30,ANYTHING SAVANNAH,2006-01-01
31,APACHE DIVINE,2006-01-01
32,APOCALYPSE FLAMINGOS,2006-01-01
33,APOLLO TEEN,2006-01-01
34,ARABIA DOGMA,2006-01-01
35,ARACHNOPHOBIA ROLLERCOASTER,2006-01-01
36,ARGONAUTS TOWN,2006-01-01
37,ARIZONA BANG,2006-01-01
38,ARK RIDGEMONT,2006-01-01
39,ARMAGEDDON LOST,2006-01-01
40,ARMY FLINTSTONES,2006-01-01
41,ARSENIC INDEPENDENCE,2006-01-01
42,ARTIST COLDBLOODED,2006-01-01
43,ATLANTIS CAUSE,2006-01-01
44,ATTACKS HATE,2006-01-01
45,ATTRACTION NEWTON,2006-01-01
46,AUTUMN CROW,2006-01-01
47,BABY HALL,2006-01-01
48,BACKLASH UNDEFEATED,2006-01-01
49,BADMAN DAWN,2006-01-01
50,BAKED CLEOPATRA,2006-01-01
51,BALLOON HOMEWARD,2006-01-01
52,BALLROOM MOCKINGBIRD,2006-01-01
53,BANG KWAI,2006-01-01
54,BANGER PINOCCHIO,2006-01-01
55,BARBARELLA STREETCAR,2006-01-01
56,BAREFOOT MANCHURIAN,2006-01-01
57,BASIC EASY,2006-01-01
58,BEACH HEARTBREAKERS,2006-01-01
59,BEAR GRACELAND,2006-01-01
60,BEAST HUNCHBACK,2006-01-01
61,BEAUTY GREASE,2006-01-01
62,BED HIGHBALL,2006-01-01
63,BEDAZZLED MARRIED,2006-01-01
64,BEETHOVEN EXORCIST,2006-01-01
65,BEHAVIOR RUNAWAY,2006-01-01
66,BENEATH RUSH,2006-01-01
67,BERETS AGENT,2006-01-01
68,BETRAYED REAR,2006-01-01
69,BEVERLY OUTLAW,2006-01-01
70,BIKINI BORROWERS,2006-01-01
71,BILKO ANONYMOUS,2006-01-01
72,BILL OTHERS,2006-01-01
73,BINGO TALENTED,2006-01-01
74,BIRCH ANTITRUST,2006-01-01
75,BIRD INDEPENDENCE,2006-01-01
76,BIRDCAGE CASPER,2006-01-01
77,BIRDS PERDITION,2006-01-01
78,BLACKOUT PRIVATE,2006-01-01
79,BLADE POLISH,2006-01-01
80,BLANKET BEVERLY,2006-01-01
81,BLINDNESS GUN,2006-01-01
82,BLOOD ARGONAUTS,2006-01-01
83,BLUES INSTINCT,2006-01-01
84,BOILED DARES,2006-01-01
85,BONNIE HOLOCAUST,2006-01-01
86,BOOGIE AMELIE,2006-01-01
87,BOONDOCK BALLROOM,2006-01-01
88,BORN SPINAL,2006-01-01
89,BORROWERS BEDAZZLED,2006-01-01
90,BOULEVARD MOB,2006-01-01
91,BOUND CHEAPER,2006-01-01
92,BOWFINGER GABLES,2006-01-01
93,BRANNIGAN SUNRISE,2006-01-01
94,BRAVEHEART HUMAN,2006-01-01
95,BREAKFAST GOLDFINGER,2006-01-01
96,BREAKING HOME,2006-01-01
97,BRIDE INTRIGUE,2006-01-01
98,BRIGHT ENCOUNTERS,2006-01-01
99,BRINGING HYSTERICAL,2006-01-01
100,BROOKLYN DESERT,2006-01-01
101,BROTHERHOOD BLANKET,2006-01-01
102,BUBBLE GROSSE,2006-01-01
103,BUCKET BROTHERHOOD,2006-01-01
104,BUGSY SONG,2006-01-01
105,BULL SHAWSHANK,2006-01-01
106,BULWORTH COMMANDMENTS,2006-01-01
107,BUNCH MINDS,2006-01-01
108,BUTCH PANTHER,2006-01-01
109,BUTTERFLY CHOCOLAT,2006-01-01
110,CABIN FLASH,2006-01-01
111,CADDYSHACK JEDI,2006-01-01
112,CALENDAR GUNFIGHT,2006-01-01
113,CALIFORNIA BIRDS,2006-01-01
114,CAMELOT VACATION,2006-01-01
115,CAMPUS REMEMBER,2006-01-01
116,CANDIDATE PERDITION,2006-01-01
117,CANDLES GRAPES,2006-01-01
118,CANYON STOCK,2006-01-01
119,CAPER MOTIONS,2006-01-01
120,CARIBBEAN LIBERTY,2006-01-01
121,CAROL TEXAS,2006-01-01
122,CARRIE BUNCH,2006-01-01
123,CASABLANCA SUPER,2006-01-01
124,CASPER DRAGONFLY,2006-01-01
125,CASSIDY WYOMING,2006-01-01
126,CASUALTIES ENCINO,2006-01-01
127,CAT CONEHEADS,2006-01-01
128,CATCH AMISTAD,2006-01-01
129,CAUSE DATE,2006-01-01
130,CELEBRITY HORN,2006-01-01
131,CENTER DINOSAUR,2006-01-01
132,CHAINSAW UPTOWN,2006-01-01
133,CHAMBER ITALIAN,2006-01-01
134,CHAMPION FLATLINERS,2006-01-01
135,CHANCE RESURRECTION,2006-01-01
136,CHAPLIN LICENSE,2006-01-01
137,CHARADE DUFFEL,2006-01-01
138,CHARIOTS CONSPIRACY,2006-01-01
139,CHASING FIGHT,2006-01-01
140,CHEAPER CLYDE,2006-01-01
141,CHICAGO NORTH,2006-01-01
142,CHICKEN HELLFIGHTERS,2006-01-01
143,CHILL LUCK,2006-01-01
144,CHINATOWN GLADIATOR,2006-01-01
145,CHISUM BEHAVIOR,2006-01-01
146,CHITTY LOCK,2006-01-01
147,CHOCOLAT HARRY,2006-01-01
148,CHOCOLATE DUCK,2006-01-01
149,CHRISTMAS MOONSHINE,2006-01-01
150,CIDER DESIRE,2006-01-01
151,CINCINATTI WHISPERER,2006-01-01
152,CIRCUS YOUTH,2006-01-01
153,CITIZEN SHREK,2006-01-01
154,CLASH FREDDY,2006-01-01
155,CLEOPATRA DEVIL,2006-01-01
156,CLERKS ANGELS,2006-01-01
157,CLOCKWORK PARADISE,2006-01-01
158,CLONES PINOCCHIO,2006-01-01
159,CLOSER BANG,2006-01-01
160,CLUB GRAFFITI,2006-01-01
161,CLUE GRAIL,2006-01-01
162,CLUELESS BUCKET,2006-01-01
163,CLYDE THEORY,2006-01-01
164,COAST RAINBOW,2006-01-01
165,COLDBLOODED DARLING,2006-01-01
166,COLOR PHILADELPHIA,2006-01-01
167,COMA HEAD,2006-01-01
168,COMANCHEROS ENEMY,2006-01-01
169,COMFORTS RUSH,2006-01-01
170,COMMAND DARLING,2006-01-01
171,COMMANDMENTS EXPRESS,2006-01-01
172,CONEHEADS SMOOCHY,2006-01-01
173,CONFESSIONS MAGUIRE,2006-01-01
174,CONFIDENTIAL INTERVIEW,2006-01-01
175,CONFUSED CANDLES,2006-01-01
176,CONGENIALITY QUEST,2006-01-01
177,CONNECTICUT TRAMP,2006-01-01
178,CONNECTION MICROCOSMOS,2006-01-01
179,CONQUERER NUTS,2006-01-01
180,CONSPIRACY SPIRIT,2006-01-01
181,CONTACT ANONYMOUS,2006-01-01
182,CONTROL ANTHEM,2006-01-01
183,CONVERSATION DOWNHILL,2006-01-01
184,CORE SUIT,2006-01-01
185,COWBOY DOOM,2006-01-01
186,CRAFT OUTFIELD,2006-01-01
187,CRANES RESERVOIR,2006-01-01
188,CRAZY HOME,2006-01-01
189,CREATURES SHAKESPEARE,2006-01-01
190,CREEPERS KANE,2006-01-01
191,CROOKED FROGMEN,2006-01-01
192,CROSSING DIVORCE,2006-01-01
193,CROSSROADS CASUALTIES,2006-01-01
194,CROW GREASE,2006-01-01
195,CROWDS TELEMARK,2006-01-01
196,CRUELTY UNFORGIVEN,2006-01-01
197,CRUSADE HONEY,2006-01-01
198,CRYSTAL BREAKING,2006-01-01
199,CUPBOARD SINNERS,2006-01-01
200,CURTAIN VIDEOTAPE,2006-01-01
201,CYCLONE FAMILY,2006-01-01
202,DADDY PITTSBURGH,2006-01-01
203,DAISY MENAGERIE,2006-01-01
204,DALMATIONS SWEDEN,2006-01-01
205,DANCES NONE,2006-01-01
206,DANCING FEVER,2006-01-01
207,DANGEROUS UPTOWN,2006-01-01
208,DARES PLUTO,2006-01-01
209,DARKNESS WAR,2006-01-01
210,DARKO DORADO,2006-01-01
211,DARLING BREAKING,2006-01-01
212,DARN FORRESTER,2006-01-01
213,DATE SPEED,2006-01-01
214,DAUGHTER MADIGAN,2006-01-01
215,DAWN POND,2006-01-01
216,DAY UNFAITHFUL,2006-01-01
217,DAZED PUNK,2006-01-01
218,DECEIVER BETRAYED,2006-01-01
219,DEEP CRUSADE,2006-01-01
220,DEER VIRGINIAN,2006-01-01
221,DELIVERANCE MULHOLLAND,2006-01-01
222,DESERT POSEIDON,2006-01-01
223,DESIRE ALIEN,2006-01-01
224,DESPERATE TRAINSPOTTING,2006-01-01
225,DESTINATION JERK,2006-01-01
226,DESTINY SATURDAY,2006-01-01
227,DETAILS PACKER,2006-01-01
228,DETECTIVE VISION,2006-01-01
229,DEVIL DESIRE,2006-01-01
230,DIARY PANIC,2006-01-01
231,DINOSAUR SECRETARY,2006-01-01
232,DIRTY ACE,2006-01-01
233,DISCIPLE MOTHER,2006-01-01
234,DISTURBING SCARFACE,2006-01-01
235,DIVIDE MONSTER,2006-01-01
236,DIVINE RESURRECTION,2006-01-01
237,DIVORCE SHINING,2006-01-01
238,DOCTOR GRAIL,2006-01-01
239,DOGMA FAMILY,2006-01-01
240,DOLLS RAGE,2006-01-01
241,DONNIE ALLEY,2006-01-01
242,DOOM DANCING,2006-01-01
243,DOORS PRESIDENT,2006-01-01
244,DORADO NOTTING,2006-01-01
245,DOUBLE WRATH,2006-01-01
246,DOUBTFIRE LABYRINTH,2006-01-01
247,DOWNHILL ENOUGH,2006-01-01
248,DOZEN LION,2006-01-01
249,DRACULA CRYSTAL,2006-01-01
250,DRAGON SQUAD,2006-01-01
251,DRAGONFLY STRANGERS,2006-01-01
252,DREAM PICKUP,2006-01-01
253,DRIFTER COMMANDMENTS,2006-01-01
254,DRIVER ANNIE,2006-01-01
255,DRIVING POLISH,2006-01-01
256,DROP WATERFRONT,2006-01-01
257,DRUMLINE CYCLONE,2006-01-01
258,DRUMS DYNAMITE,2006-01-01
259,DUCK RACER,2006-01-01
260,DUDE BLINDNESS,2006-01-01
261,DUFFEL APOCALYPSE,2006-01-01
262,DUMBO LUST,2006-01-01
263,DURHAM PANKY,2006-01-01
264,DWARFS ALTER,2006-01-01
265,DYING MAKER,2006-01-01
266,DYNAMITE TARZAN,2006-01-01
267,EAGLES PANKY,2006-01-01
268,EARLY HOME,2006-01-01
269,EARRING INSTINCT,2006-01-01
270,EARTH VISION,2006-01-01
271,EASY GLADIATOR,2006-01-01
272,EDGE KISSING,2006-01-01
273,EFFECT GLADIATOR,2006-01-01
274,EGG IGBY,2006-01-01
275,EGYPT TENENBAUMS,2006-01-01
276,ELEMENT FREDDY,2006-01-01
277,ELEPHANT TROJAN,2006-01-01
278,ELF MURDER,2006-01-01
279,ELIZABETH SHANE,2006-01-01
280,EMPIRE MALKOVICH,2006-01-01
281,ENCINO ELF,2006-01-01
282,ENCOUNTERS CURTAIN,2006-01-01
283,ENDING CROWDS,2006-01-01
284,ENEMY ODDS,2006-01-01
285,ENGLISH BULWORTH,2006-01-01
286,ENOUGH RAGING,2006-01-01
287,ENTRAPMENT SATISFACTION,2006-01-01
288,ESCAPE METROPOLIS,2006-01-01
289,EVE RESURRECTION,2006-01-01
290,EVERYONE CRAFT,2006-01-01
291,EVOLUTION ALTER,2006-01-01
292,EXCITEMENT EVE,2006-01-01
293,EXORCIST STING,2006-01-01
294,EXPECATIONS NATURAL,2006-01-01
295,EXPENDABLE STALLION,2006-01-01
296,EXPRESS LONELY,2006-01-01
297,EXTRAORDINARY CONQUERER,2006-01-01
298,EYES DRIVING,2006-01-01
299,FACTORY DRAGON,2006-01-01
300,FALCON VOLUME,2006-01-01
301,FAMILY SWEET,2006-01-01
302,FANTASIA PARK,2006-01-01
303,FANTASY TROOPERS,2006-01-01
304,FARGO GANDHI,2006-01-01
305,FATAL HAUNTED,2006-01-01
306,FEATHERS METAL,2006-01-01
307,FELLOWSHIP AUTUMN,2006-01-01
308,FERRIS MOTHER,2006-01-01
309,FEUD FROGMEN,2006-01-01
310,FEVER EMPIRE,2006-01-01
311,FICTION CHRISTMAS,2006-01-01
312,FIDDLER LOST,2006-01-01
313,FIDELITY DEVIL,2006-01-01
314,FIGHT JAWBREAKER,2006-01-01
315,FINDING ANACONDA,2006-01-01
316,FIRE WOLVES,2006-01-01
317,FIREBALL PHILADELPHIA,2006-01-01
318,FIREHOUSE VIETNAM,2006-01-01
319,FISH OPUS,2006-01-01
320,FLAMINGOS CONNECTICUT,2006-01-01
321,FLASH WARS,2006-01-01
322,FLATLINERS KILLER,2006-01-01
323,FLIGHT LIES,2006-01-01
324,FLINTSTONES HAPPINESS,2006-01-01
325,FLOATS GARDEN,2006-01-01
326,FLYING HOOK,2006-01-01
327,FOOL MOCKINGBIRD,2006-01-01
328,FOREVER CANDIDATE,2006-01-01
329,FORREST SONS,2006-01-01
330,FORRESTER COMANCHEROS,2006-01-01
331,FORWARD TEMPLE,2006-01-01
332,FRANKENSTEIN STRANGER,2006-01-01
333,FREAKY POCUS,2006-01-01
334,FREDDY STORM,2006-01-01
335,FREEDOM CLEOPATRA,2006-01-01
336,FRENCH HOLIDAY,2006-01-01
337,FRIDA SLIPPER,2006-01-01
338,FRISCO FORREST,2006-01-01
339,FROGMEN BREAKING,2006-01-01
340,FRONTIER CABIN,2006-01-01
341,FROST HEAD,2006-01-01
342,FUGITIVE MAGUIRE,2006-01-01
343,FULL FLATLINERS,2006-01-01
344,FURY MURDER,2006-01-01
345,GABLES METROPOLIS,2006-01-01
346,GALAXY SWEETHEARTS,2006-01-01
347,GAMES BOWFINGER,2006-01-01
348,GANDHI KWAI,2006-01-01
349,GANGS PRIDE,2006-01-01
350,GARDEN ISLAND,2006-01-01
351,GASLIGHT CRUSADE,2006-01-01
352,GATHERING CALENDAR,2006-01-01
353,GENTLEMEN STAGE,2006-01-01
354,GHOST GROUNDHOG,2006-01-01
355,GHOSTBUSTERS ELF,2006-01-01
356,GIANT TROOPERS,2006-01-01
357,GILBERT PELICAN,2006-01-01
358,GILMORE BOILED,2006-01-01
359,GLADIATOR WESTWARD,2006-01-01
360,GLASS DYING,2006-01-01
361,GLEAMING JAWBREAKER,2006-01-01
362,GLORY TRACY,2006-01-01
363,GO PURPLE,2006-01-01
364,GODFATHER DIARY,2006-01-01
365,GOLD RIVER,2006-01-01
366,GOLDFINGER SENSIBILITY,2006-01-01
367,GOLDMINE TYCOON,2006-01-01
368,GONE TROUBLE,2006-01-01
369,GOODFELLAS SALUTE,2006-01-01
370,GORGEOUS BINGO,2006-01-01
371,GOSFORD DONNIE,2006-01-01
372,GRACELAND DYNAMITE,2006-01-01
373,GRADUATE LORD,2006-01-01
374,GRAFFITI LOVE,2006-01-01
375,GRAIL FRANKENSTEIN,2006-01-01
376,GRAPES FURY,2006-01-01
377,GREASE YOUTH,2006-01-01
378,GREATEST NORTH,2006-01-01
379,GREEDY ROOTS,2006-01-01
380,GREEK EVERYONE,2006-01-01
381,GRINCH MASSAGE,2006-01-01
382,GRIT CLOCKWORK,2006-01-01
383,GROOVE FICTION,2006-01-01
384,GROSSE WONDERFUL,2006-01-01
385,GROUNDHOG UNCUT,2006-01-01
386,GUMP DATE,2006-01-01
387,GUN BONNIE,2006-01-01
388,GUNFIGHT MOON,2006-01-01
389,GUNFIGHTER MUSSOLINI,2006-01-01
390,GUYS FALCON,2006-01-01
391,HALF OUTFIELD,2006-01-01
392,HALL CASSIDY,2006-01-01
393,HALLOWEEN NUTS,2006-01-01
394,HAMLET WISDOM,2006-01-01
395,HANDICAP BOONDOCK,2006-01-01
396,HANGING DEEP,2006-01-01
397,HANKY OCTOBER,2006-01-01
398,HANOVER GALAXY,2006-01-01
399,HAPPINESS UNITED,2006-01-01
400,HARDLY ROBBERS,2006-01-01
401,HAROLD FRENCH,2006-01-01
402,HARPER DYING,2006-01-01
403,HARRY IDAHO,2006-01-01
404,HATE HANDICAP,2006-01-01
405,HAUNTED ANTITRUST,2006-01-01
406,HAUNTING PIANIST,2006-01-01
407,HAWK CHILL,2006-01-01
408,HEAD STRANGER,2006-01-01
409,HEARTBREAKERS BRIGHT,2006-01-01
410,HEAVEN FREEDOM,2006-01-01
411,HEAVENLY GUN,2006-01-01
412,HEAVYWEIGHTS BEAST,2006-01-01
413,HEDWIG ALTER,2006-01-01
414,HELLFIGHTERS SIERRA,2006-01-01
415,HIGH ENCINO,2006-01-01
416,HIGHBALL POTTER,2006-01-01
417,HILLS NEIGHBORS,2006-01-01
418,HOBBIT ALIEN,2006-01-01
419,HOCUS FRIDA,2006-01-01
420,HOLES BRANNIGAN,2006-01-01
421,HOLIDAY GAMES,2006-01-01
422,HOLLOW JEOPARDY,2006-01-01
423,HOLLYWOOD ANONYMOUS,2006-01-01
424,HOLOCAUST HIGHBALL,2006-01-01
425,HOLY TADPOLE,2006-01-01
426,HOME PITY,2006-01-01
427,HOMEWARD CIDER,2006-01-01
428,HOMICIDE PEACH,2006-01-01
429,HONEY TIES,2006-01-01
430,HOOK CHARIOTS,2006-01-01
431,HOOSIERS BIRDCAGE,2006-01-01
432,HOPE TOOTSIE,2006-01-01
433,HORN WORKING,2006-01-01
434,HORROR REIGN,2006-01-01
435,HOTEL HAPPINESS,2006-01-01
436,HOURS RAGE,2006-01-01
437,HOUSE DYNAMITE,2006-01-01
438,HUMAN GRAFFITI,2006-01-01
439,HUNCHBACK IMPOSSIBLE,2006-01-01
440,HUNGER ROOF,2006-01-01
441,HUNTER ALTER,2006-01-01
442,HUNTING MUSKETEERS,2006-01-01
443,HURRICANE AFFAIR,2006-01-01
444,HUSTLER PARTY,2006-01-01
445,HYDE DOCTOR,2006-01-01
446,HYSTERICAL GRAIL,2006-01-01
447,ICE CROSSING,2006-01-01
448,IDAHO LOVE,2006-01-01
449,IDENTITY LOVER,2006-01-01
450,IDOLS SNATCHERS,2006-01-01
451,IGBY MAKER,2006-01-01
452,ILLUSION AMELIE,2006-01-01
453,IMAGE PRINCESS,2006-01-01
454,IMPACT ALADDIN,2006-01-01
455,IMPOSSIBLE PREJUDICE,2006-01-01
456,INCH JET,2006-01-01
457,INDEPENDENCE HOTEL,2006-01-01
458,INDIAN LOVE,2006-01-01
459,INFORMER DOUBLE,2006-01-01
460,INNOCENT USUAL,2006-01-01
461,INSECTS STONE,2006-01-01
462,INSIDER ARIZONA,2006-01-01
463,INSTINCT AIRPORT,2006-01-01
464,INTENTIONS EMPIRE,2006-01-01
465,INTERVIEW LIAISONS,2006-01-01
466,INTOLERABLE INTENTIONS,2006-01-01
467,INTRIGUE WORST,2006-01-01
468,INVASION CYCLONE,2006-01-01
469,IRON MOON,2006-01-01
470,ISHTAR ROCKETEER,2006-01-01
471,ISLAND EXORCIST,2006-01-01
472,ITALIAN AFRICAN,2006-01-01
473,JACKET FRISCO,2006-01-01
474,JADE BUNCH,2006-01-01
475,JAPANESE RUN,2006-01-01
476,JASON TRAP,2006-01-01
477,JAWBREAKER BROOKLYN,2006-01-01
478,JAWS HARRY,2006-01-01
479,JEDI BENEATH,2006-01-01
480,JEEPERS WEDDING,2006-01-01
481,JEKYLL FROGMEN,2006-01-01
482,JEOPARDY ENCINO,2006-01-01
483,JERICHO MULAN,2006-01-01
484,JERK PAYCHECK,2006-01-01
485,JERSEY SASSY,2006-01-01
486,JET NEIGHBORS,2006-01-01
487,JINGLE SAGEBRUSH,2006-01-01
488,JOON NORTHWEST,2006-01-01
489,JUGGLER HARDLY,2006-01-01
490,JUMANJI BLADE,2006-01-01
491,JUMPING WRATH,2006-01-01
492,JUNGLE CLOSER,2006-01-01
493,KANE EXORCIST,2006-01-01
494,KARATE MOON,2006-01-01
495,KENTUCKIAN GIANT,2006-01-01
496,KICK SAVANNAH,2006-01-01
497,KILL BROTHERHOOD,2006-01-01
498,KILLER INNOCENT,2006-01-01
499,KING EVOLUTION,2006-01-01
500,KISS GLORY,2006-01-01
501,KISSING DOLLS,2006-01-01
502,KNOCK WARLOCK,2006-01-01
503,KRAMER CHOCOLATE,2006-01-01
504,KWAI HOMEWARD,2006-01-01
505,LABYRINTH LEAGUE,2006-01-01
506,LADY STAGE,2006-01-01
507,LADYBUGS ARMAGEDDON,2006-01-01
508,LAMBS CINCINATTI,2006-01-01
509,LANGUAGE COWBOY,2006-01-01
510,LAWLESS VISION,2006-01-01
511,LAWRENCE LOVE,2006-01-01
512,LEAGUE HELLFIGHTERS,2006-01-01
513,LEATHERNECKS DWARFS,2006-01-01
514,LEBOWSKI SOLDIERS,2006-01-01
515,LEGALLY SECRETARY,2006-01-01
516,LEGEND JEDI,2006-01-01
517,LESSON CLEOPATRA,2006-01-01
518,LIAISONS SWEET,2006-01-01
519,LIBERTY MAGNIFICENT,2006-01-01
520,LICENSE WEEKEND,2006-01-01
521,LIES TREATMENT,2006-01-01
522,LIFE TWISTED,2006-01-01
523,LIGHTS DEER,2006-01-01
524,LION UNCUT,2006-01-01
525,LOATHING LEGALLY,2006-01-01
526,LOCK REAR,2006-01-01
527,LOLA AGENT,2006-01-01
528,LOLITA WORLD,2006-01-01
529,LONELY ELEPHANT,2006-01-01
530,LORD ARIZONA,2006-01-01
531,LOSE INCH,2006-01-01
532,LOSER HUSTLER,2006-01-01
533,LOST BIRD,2006-01-01
534,LOUISIANA HARRY,2006-01-01
535,LOVE SUICIDES,2006-01-01
536,LOVELY JINGLE,2006-01-01
537,LOVER TRUMAN,2006-01-01
538,LOVERBOY ATTACKS,2006-01-01
539,LUCK OPUS,2006-01-01
540,LUCKY FLYING,2006-01-01
541,LUKE MUMMY,2006-01-01
542,LUST LOCK,2006-01-01
543,MADIGAN DORADO,2006-01-01
544,MADISON TRAP,2006-01-01
545,MADNESS ATTACKS,2006-01-01
546,MADRE GABLES,2006-01-01
547,MAGIC MALLRATS,2006-01-01
548,MAGNIFICENT CHITTY,2006-01-01
549,MAGNOLIA FORRESTER,2006-01-01
550,MAGUIRE APACHE,2006-01-01
551,MAIDEN HOME,2006-01-01
552,MAJESTIC FLOATS,2006-01-01
553,MAKER GABLES,2006-01-01
554,MALKOVICH PET,2006-01-01
555,MALLRATS UNITED,2006-01-01
556,MALTESE HOPE,2006-01-01
557,MANCHURIAN CURTAIN,2006-01-01
558,MANNEQUIN WORST,2006-01-01
559,MARRIED GO,2006-01-01
560,MARS ROMAN,2006-01-01
561,MASK PEACH,2006-01-01
562,MASKED BUBBLE,2006-01-01
563,MASSACRE USUAL,2006-01-01
564,MASSAGE IMAGE,2006-01-01
565,MATRIX SNOWMAN,2006-01-01
566,MAUDE MOD,2006-01-01
567,MEET CHOCOLATE,2006-01-01
568,MEMENTO ZOOLANDER,2006-01-01
569,MENAGERIE RUSHMORE,2006-01-01
570,MERMAID INSECTS,2006-01-01
571,METAL ARMAGEDDON,2006-01-01
572,METROPOLIS COMA,2006-01-01
573,MICROCOSMOS PARADISE,2006-01-01
574,MIDNIGHT WESTWARD,2006-01-01
575,MIDSUMMER GROUNDHOG,2006-01-01
576,MIGHTY LUCK,2006-01-01
577,MILE MULAN,2006-01-01
578,MILLION ACE,2006-01-01
579,MINDS TRUMAN,2006-01-01
580,MINE TITANS,2006-01-01
581,MINORITY KISS,2006-01-01
582,MIRACLE VIRTUAL,2006-01-01
583,MISSION ZOOLANDER,2006-01-01
584,MIXED DOORS,2006-01-01
585,MOB DUFFEL,2006-01-01
586,MOCKINGBIRD HOLLYWOOD,2006-01-01
587,MOD SECRETARY,2006-01-01
588,MODEL FISH,2006-01-01
589,MODERN DORADO,2006-01-01
590,MONEY HAROLD,2006-01-01
591,MONSOON CAUSE,2006-01-01
592,MONSTER SPARTACUS,2006-01-01
593,MONTEREY LABYRINTH,2006-01-01
594,MONTEZUMA COMMAND,2006-01-01
595,MOON BUNCH,2006-01-01
596,MOONSHINE CABIN,2006-01-01
597,MOONWALKER FOOL,2006-01-01
598,MOSQUITO ARMAGEDDON,2006-01-01
599,MOTHER OLEANDER,2006-01-01
600,MOTIONS DETAILS,2006-01-01
601,MOULIN WAKE,2006-01-01
602,MOURNING PURPLE,2006-01-01
603,MOVIE SHAKESPEARE,2006-01-01
604,MULAN MOON,2006-01-01
605,MULHOLLAND BEAST,2006-01-01
606,MUMMY CREATURES,2006-01-01
607,MUPPET MILE,2006-01-01
608,MURDER ANTITRUST,2006-01-01
609,MUSCLE BRIGHT,2006-01-01
610,MUSIC BOONDOCK,2006-01-01
611,MUSKETEERS WAIT,2006-01-01
612,MUSSOLINI SPOILERS,2006-01-01
613,MYSTIC TRUMAN,2006-01-01
614,NAME DETECTIVE,2006-01-01
615,NASH CHOCOLAT,2006-01-01
616,NATIONAL STORY,2006-01-01
617,NATURAL STOCK,2006-01-01
618,NECKLACE OUTBREAK,2006-01-01
619,NEIGHBORS CHARADE,2006-01-01
620,NEMO CAMPUS,2006-01-01
621,NETWORK PEAK,2006-01-01
622,NEWSIES STORY,2006-01-01
623,NEWTON LABYRINTH,2006-01-01
624,NIGHTMARE CHILL,2006-01-01
625,NONE SPIKING,2006-01-01
626,NOON PAPI,2006-01-01
627,NORTH TEQUILA,2006-01-01
628,NORTHWEST POLISH,2006-01-01
629,NOTORIOUS REUNION,2006-01-01
630,NOTTING SPEAKEASY,2006-01-01
631,NOVOCAINE FLIGHT,2006-01-01
632,NUTS TIES,2006-01-01
633,OCTOBER SUBMARINE,2006-01-01
634,ODDS BOOGIE,2006-01-01
635,OKLAHOMA JUMANJI,2006-01-01
636,OLEANDER CLUE,2006-01-01
637,OPEN AFRICAN,2006-01-01
638,OPERATION OPERATION,2006-01-01
639,OPPOSITE NECKLACE,2006-01-01
640,OPUS ICE,2006-01-01
641,ORANGE GRAPES,2006-01-01
642,ORDER BETRAYED,2006-01-01
643,ORIENT CLOSER,2006-01-01
644,OSCAR GOLD,2006-01-01
645,OTHERS SOUP,2006-01-01
646,OUTBREAK DIVINE,2006-01-01
647,OUTFIELD MASSACRE,2006-01-01
648,OUTLAW HANKY,2006-01-01
649,OZ LIAISONS,2006-01-01
650,PACIFIC AMISTAD,2006-01-01
651,PACKER MADIGAN,2006-01-01
652,PAJAMA JAWBREAKER,2006-01-01
653,PANIC CLUB,2006-01-01
654,PANKY SUBMARINE,2006-01-01
655,PANTHER REDS,2006-01-01
656,PAPI NECKLACE,2006-01-01
657,PARADISE SABRINA,2006-01-01
658,PARIS WEEKEND,2006-01-01
659,PARK CITIZEN,2006-01-01
660,PARTY KNOCK,2006-01-01
661,PAST SUICIDES,2006-01-01
662,PATHS CONTROL,2006-01-01
663,PATIENT SISTER,2006-01-01
664,PATRIOT ROMAN,2006-01-01
665,PATTON INTERVIEW,2006-01-01
666,PAYCHECK WAIT,2006-01-01
667,PEACH INNOCENT,2006-01-01
668,PEAK FOREVER,2006-01-01
669,PEARL DESTINY,2006-01-01
670,PELICAN COMFORTS,2006-01-01
671,PERDITION FARGO,2006-01-01
672,PERFECT GROOVE,2006-01-01
673,PERSONAL LADYBUGS,2006-01-01
674,PET HAUNTING,2006-01-01
675,PHANTOM GLORY,2006-01-01
676,PHILADELPHIA WIFE,2006-01-01
677,PIANIST OUTFIELD,2006-01-01
678,PICKUP DRIVING,2006-01-01
679,PILOT HOOSIERS,2006-01-01
680,PINOCCHIO SIMON,2006-01-01
681,PIRATES ROXANNE,2006-01-01
682,PITTSBURGH HUNCHBACK,2006-01-01
683,PITY BOUND,2006-01-01
684,PIZZA JUMANJI,2006-01-01
685,PLATOON INSTINCT,2006-01-01
686,PLUTO OLEANDER,2006-01-01
687,POCUS PULP,2006-01-01
688,POLISH BROOKLYN,2006-01-01
689,POLLOCK DELIVERANCE,2006-01-01
690,POND SEATTLE,2006-01-01
691,POSEIDON FOREVER,2006-01-01
692,POTLUCK MIXED,2006-01-01
693,POTTER CONNECTICUT,2006-01-01
694,PREJUDICE OLEANDER,2006-01-01
695,PRESIDENT BANG,2006-01-01
696,PRIDE ALAMO,2006-01-01
697,PRIMARY GLASS,2006-01-01
698,PRINCESS GIANT,2006-01-01
699,PRIVATE DROP,2006-01-01
700,PRIX UNDEFEATED,2006-01-01
701,PSYCHO SHRUNK,2006-01-01
702,PULP BEVERLY,2006-01-01
703,PUNK DIVORCE,2006-01-01
704,PURE RUNNER,2006-01-01
705,PURPLE MOVIE,2006-01-01
706,QUEEN LUKE,2006-01-01
707,QUEST MUSSOLINI,2006-01-01
708,QUILLS BULL,2006-01-01
709,RACER EGG,2006-01-01
710,RAGE GAMES,2006-01-01
711,RAGING AIRPLANE,2006-01-01
712,RAIDERS ANTITRUST,2006-01-01
713,RAINBOW SHOCK,2006-01-01
714,RANDOM GO,2006-01-01
715,RANGE MOONWALKER,2006-01-01
716,REAP UNFAITHFUL,2006-01-01
717,REAR TRADING,2006-01-01
718,REBEL AIRPORT,2006-01-01
719,RECORDS ZORRO,2006-01-01
720,REDEMPTION COMFORTS,2006-01-01
721,REDS POCUS,2006-01-01
722,REEF SALUTE,2006-01-01
723,REIGN GENTLEMEN,2006-01-01
724,REMEMBER DIARY,2006-01-01
725,REQUIEM TYCOON,2006-01-01
726,RESERVOIR ADAPTATION,2006-01-01
727,RESURRECTION SILVERADO,2006-01-01
728,REUNION WITCHES,2006-01-01
729,RIDER CADDYSHACK,2006-01-01
730,RIDGEMONT SUBMARINE,2006-01-01
731,RIGHT CRANES,2006-01-01
732,RINGS HEARTBREAKERS,2006-01-01
733,RIVER OUTLAW,2006-01-01
734,ROAD ROXANNE,2006-01-01
735,ROBBERS JOON,2006-01-01
736,ROBBERY BRIGHT,2006-01-01
737,ROCK INSTINCT,2006-01-01
738,ROCKETEER MOTHER,2006-01-01
739,ROCKY WAR,2006-01-01
740,ROLLERCOASTER BRINGING,2006-01-01
741,ROMAN PUNK,2006-01-01
742,ROOF CHAMPION,2006-01-01
743,ROOM ROMAN,2006-01-01
744,ROOTS REMEMBER,2006-01-01
745,ROSES TREASURE,2006-01-01
746,ROUGE SQUAD,2006-01-01
747,ROXANNE REBEL,2006-01-01
748,RUGRATS SHAKESPEARE,2006-01-01
749,RULES HUMAN,2006-01-01
750,RUN PACIFIC,2006-01-01
751,RUNAWAY TENENBAUMS,2006-01-01
752,RUNNER MADIGAN,2006-01-01
753,RUSH GOODFELLAS,2006-01-01
754,RUSHMORE MERMAID,2006-01-01
755,SABRINA MIDNIGHT,2006-01-01
756,SADDLE ANTITRUST,2006-01-01
757,SAGEBRUSH CLUELESS,2006-01-01
758,SAINTS BRIDE,2006-01-01
759,SALUTE APOLLO,2006-01-01
760,SAMURAI LION,2006-01-01
761,SANTA PARIS,2006-01-01
762,SASSY PACKER,2006-01-01
763,SATISFACTION CONFIDENTIAL,2006-01-01
764,SATURDAY LAMBS,2006-01-01
765,SATURN NAME,2006-01-01
766,SAVANNAH TOWN,2006-01-01
767,SCALAWAG DUCK,2006-01-01
768,SCARFACE BANG,2006-01-01
769,SCHOOL JACKET,2006-01-01
770,SCISSORHANDS SLUMS,2006-01-01
771,SCORPION APOLLO,2006-01-01
772,SEA VIRGIN,2006-01-01
773,SEABISCUIT PUNK,2006-01-01
774,SEARCHERS WAIT,2006-01-01
775,SEATTLE EXPECATIONS,2006-01-01
776,SECRET GROUNDHOG,2006-01-01
777,SECRETARY ROUGE,2006-01-01
778,SECRETS PARADISE,2006-01-01
779,SENSE GREEK,2006-01-01
780,SENSIBILITY REAR,2006-01-01
781,SEVEN SWARM,2006-01-01
782,SHAKESPEARE SADDLE,2006-01-01
783,SHANE DARKNESS,2006-01-01
784,SHANGHAI TYCOON,2006-01-01
785,SHAWSHANK BUBBLE,2006-01-01
786,SHEPHERD MIDSUMMER,2006-01-01
787,SHINING ROSES,2006-01-01
788,SHIP WONDERLAND,2006-01-01
789,SHOCK CABIN,2006-01-01
790,SHOOTIST SUPERFLY,2006-01-01
791,SHOW LORD,2006-01-01
792,SHREK LICENSE,2006-01-01
793,SHRUNK DIVINE,2006-01-01
794,SIDE ARK,2006-01-01
795,SIEGE MADRE,2006-01-01
796,SIERRA DIVIDE,2006-01-01
797,SILENCE KANE,2006-01-01
798,SILVERADO GOLDFINGER,2006-01-01
799,SIMON NORTH,2006-01-01
800,SINNERS ATLANTIS,2006-01-01
801,SISTER FREDDY,2006-01-01
802,SKY MIRACLE,2006-01-01
803,SLACKER LIAISONS,2006-01-01
804,SLEEPING SUSPECTS,2006-01-01
805,SLEEPLESS MONSOON,2006-01-01
806,SLEEPY JAPANESE,2006-01-01
807,SLEUTH ORIENT,2006-01-01
808,SLING LUKE,2006-01-01
809,SLIPPER FIDELITY,2006-01-01
810,SLUMS DUCK,2006-01-01
811,SMILE EARRING,2006-01-01
812,SMOKING BARBARELLA,2006-01-01
813,SMOOCHY CONTROL,2006-01-01
814,SNATCH SLIPPER,2006-01-01
815,SNATCHERS MONTEZUMA,2006-01-01
816,SNOWMAN ROLLERCOASTER,2006-01-01
817,SOLDIERS EVOLUTION,2006-01-01
818,SOMETHING DUCK,2006-01-01
819,SONG HEDWIG,2006-01-01
820,SONS INTERVIEW,2006-01-01
821,SORORITY QUEEN,2006-01-01
822,SOUP WISDOM,2006-01-01
823,SOUTH WAIT,2006-01-01
824,SPARTACUS CHEAPER,2006-01-01
825,SPEAKEASY DATE,2006-01-01
826,SPEED SUIT,2006-01-01
827,SPICE SORORITY,2006-01-01
828,SPIKING ELEMENT,2006-01-01
829,SPINAL ROCKY,2006-01-01
830,SPIRIT FLINTSTONES,2006-01-01
831,SPIRITED CASUALTIES,2006-01-01
832,SPLASH GUMP,2006-01-01
833,SPLENDOR PATTON,2006-01-01
834,SPOILERS HELLFIGHTERS,2006-01-01
835,SPY MILE,2006-01-01
836,SQUAD FISH,2006-01-01
837,STAGE WORLD,2006-01-01
838,STAGECOACH ARMAGEDDON,2006-01-01
839,STALLION SUNDANCE,2006-01-01
840,STAMPEDE DISTURBING,2006-01-01
841,STAR OPERATION,2006-01-01
842,STATE WASTELAND,2006-01-01
843,STEEL SANTA,2006-01-01
844,STEERS ARMAGEDDON,2006-01-01
845,STEPMOM DREAM,2006-01-01
846,STING PERSONAL,2006-01-01
847,STOCK GLASS,2006-01-01
848,STONE FIRE,2006-01-01
849,STORM HAPPINESS,2006-01-01
850,STORY SIDE,2006-01-01
851,STRAIGHT HOURS,2006-01-01
852,STRANGELOVE DESIRE,2006-01-01
853,STRANGER STRANGERS,2006-01-01
854,STRANGERS GRAFFITI,2006-01-01
855,STREAK RIDGEMONT,2006-01-01
856,STREETCAR INTENTIONS,2006-01-01
857,STRICTLY SCARFACE,2006-01-01
858,SUBMARINE BED,2006-01-01
859,SUGAR WONKA,2006-01-01
860,SUICIDES SILENCE,2006-01-01
861,SUIT WALLS,2006-01-01
862,SUMMER SCARFACE,2006-01-01
863,SUN CONFESSIONS,2006-01-01
864,SUNDANCE INVASION,2006-01-01
865,SUNRISE LEAGUE,2006-01-01
866,SUNSET RACER,2006-01-01
867,SUPER WYOMING,2006-01-01
868,SUPERFLY TRIP,2006-01-01
869,SUSPECTS QUILLS,2006-01-01
870,SWARM GOLD,2006-01-01
871,SWEDEN SHINING,2006-01-01
872,SWEET BROTHERHOOD,2006-01-01
873,SWEETHEARTS SUSPECTS,2006-01-01
874,TADPOLE PARK,2006-01-01
875,TALENTED HOMICIDE,2006-01-01
876,TARZAN VIDEOTAPE,2006-01-01
877,TAXI KICK,2006-01-01
878,TEEN APOLLO,2006-01-01
879,TELEGRAPH VOYAGE,2006-01-01
880,TELEMARK HEARTBREAKERS,2006-01-01
881,TEMPLE ATTRACTION,2006-01-01
882,TENENBAUMS COMMAND,2006-01-01
883,TEQUILA PAST,2006-01-01
884,TERMINATOR CLUB,2006-01-01
885,TEXAS WATCH,2006-01-01
886,THEORY MERMAID,2006-01-01
887,THIEF PELICAN,2006-01-01
888,THIN SAGEBRUSH,2006-01-01
889,TIES HUNGER,2006-01-01
890,TIGHTS DAWN,2006-01-01
891,TIMBERLAND SKY,2006-01-01
892,TITANIC BOONDOCK,2006-01-01
893,TITANS JERK,2006-01-01
894,TOMATOES HELLFIGHTERS,2006-01-01
895,TOMORROW HUSTLER,2006-01-01
896,TOOTSIE PILOT,2006-01-01
897,TORQUE BOUND,2006-01-01
898,TOURIST PELICAN,2006-01-01
899,TOWERS HURRICANE,2006-01-01
900,TOWN ARK,2006-01-01
901,TRACY CIDER,2006-01-01
902,TRADING PINOCCHIO,2006-01-01
903,TRAFFIC HOBBIT,2006-01-01
904,TRAIN BUNCH,2006-01-01
905,TRAINSPOTTING STRANGERS,2006-01-01
906,TRAMP OTHERS,2006-01-01
907,TRANSLATION SUMMER,2006-01-01
908,TRAP GUYS,2006-01-01
909,TREASURE COMMAND,2006-01-01
910,TREATMENT JEKYLL,2006-01-01
911,TRIP NEWTON,2006-01-01
912,TROJAN TOMORROW,2006-01-01
913,TROOPERS METAL,2006-01-01
914,TROUBLE DATE,2006-01-01
915,TRUMAN CRAZY,2006-01-01
916,TURN STAR,2006-01-01
917,TUXEDO MILE,2006-01-01
918,TWISTED PIRATES,2006-01-01
919,TYCOON GATHERING,2006-01-01
920,UNBREAKABLE KARATE,2006-01-01
921,UNCUT SUICIDES,2006-01-01
922,UNDEFEATED DALMATIONS,2006-01-01
923,UNFAITHFUL KILL,2006-01-01
924,UNFORGIVEN ZOOLANDER,2006-01-01
925,UNITED PILOT,2006-01-01
926,UNTOUCHABLES SUNRISE,2006-01-01
927,UPRISING UPTOWN,2006-01-01
928,UPTOWN YOUNG,2006-01-01
929,USUAL UNTOUCHABLES,2006-01-01
930,VACATION BOONDOCK,2006-01-01
931,VALENTINE VANISHING,2006-01-01
932,VALLEY PACKER,2006-01-01
933,VAMPIRE WHALE,2006-01-01
934,VANILLA DAY,2006-01-01
935,VANISHED GARDEN,2006-01-01
936,VANISHING ROCKY,2006-01-01
937,VARSITY TRIP,2006-01-01
938,VELVET TERMINATOR,2006-01-01
939,VERTIGO NORTHWEST,2006-01-01
940,VICTORY ACADEMY,2006-01-01
941,VIDEOTAPE ARSENIC,2006-01-01
942,VIETNAM SMOOCHY,2006-01-01
943,VILLAIN DESPERATE,2006-01-01
944,VIRGIN DAISY,2006-01-01
945,VIRGINIAN PLUTO,2006-01-01
946,VIRTUAL SPOILERS,2006-01-01
947,VISION TORQUE,2006-01-01
948,VOICE PEACH,2006-01-01
949,VOLCANO TEXAS,2006-01-01
950,VOLUME HOUSE,2006-01-01
951,VOYAGE LEGALLY,2006-01-01
952,WAGON JAWS,2006-01-01
953,WAIT CIDER,2006-01-01
954,WAKE JAWS,2006-01-01
955,WALLS ARTIST,2006-01-01
956,WANDA CHAMBER,2006-01-01
957,WAR NOTTING,2006-01-01
958,WARDROBE PHANTOM,2006-01-01
959,WARLOCK WEREWOLF,2006-01-01
960,WARS PLUTO,2006-01-01
961,WASH HEAVENLY,2006-01-01
962,WASTELAND DIVINE,2006-01-01
963,WATCH TRACY,2006-01-01
964,WATERFRONT DELIVERANCE,2006-01-01
965,WATERSHIP FRONTIER,2006-01-01
966,WEDDING APOLLO,2006-01-01
967,WEEKEND PERSONAL,2006-01-01
968,WEREWOLF LOLA,2006-01-01
969,WEST LION,2006-01-01
970,WESTWARD SEABISCUIT,2006-01-01
971,WHALE BIKINI,2006-01-01
972,WHISPERER GIANT,2006-01-01
973,WIFE TURN,2006-01-01
974,WILD APOLLO,2006-01-01
975,WILLOW TRACY,2006-01-01
976,WIND PHANTOM,2006-01-01
977,WINDOW SIDE,2006-01-01
978,WISDOM WORKER,2006-01-01
979,WITCHES PANIC,2006-01-01
980,WIZARD COLDBLOODED,2006-01-01
981,WOLVES DESIRE,2006-01-01
982,WOMEN DORADO,2006-01-01
983,WON DARES,2006-01-01
984,WONDERFUL DROP,2006-01-01
985,WONDERLAND CHRISTMAS,2006-01-01
986,WONKA SEA,2006-01-01
987,WORDS HUNTER,2006-01-01
988,WORKER TARZAN,2006-01-01
989,WORKING MICROCOSMOS,2006-01-01
990,WORLD LEATHERNECKS,2006-01-01
991,WORST BANGER,2006-01-01
992,WRATH MILE,2006-01-01
993,WRONG BEHAVIOR,2006-01-01
994,WYOMING STORM,2006-01-01
995,YENTL IDAHO,2006-01-01
996,YOUNG LANGUAGE,2006-01-01
997,YOUTH KICK,2006-01-01
998,ZHIVAGO CORE,2006-01-01
999,ZOOLANDER FICTION,2006-01-01
1000,ZORRO ARK,2006-01-01
